{"cameraMode":{"drawMode":0,"name":"Shaded","section":"Shading Mode"},"sceneLighting":false,"audioPlay":false,"sceneViewState":{"m_AlwaysRefresh":false,"showFog":true,"showSkybox":false,"showFlares":true,"showImageEffects":true,"showParticleSystems":true,"showVisualEffectGraphs":true,"m_FxEnabled":true},"in2DMode":false,"pivot":{"x":0.3104014992713928,"y":-8.581786155700684,"z":-0.4328489303588867},"rotation":{"x":0.44196251034736636,"y":-0.01779818907380104,"z":0.009331047534942627,"w":0.8970024585723877},"size":8.829867362976075,"orthographic":false}