{"cameraMode":{"drawMode":0,"name":"Shaded","section":"Shading Mode"},"sceneLighting":false,"audioPlay":false,"sceneViewState":{"m_AlwaysRefresh":false,"showFog":true,"showSkybox":false,"showFlares":true,"showImageEffects":true,"showParticleSystems":true,"showVisualEffectGraphs":true,"m_FxEnabled":true},"in2DMode":false,"pivot":{"x":-2.2351741790771486e-8,"y":0.8602890968322754,"z":-0.0037884116172790529},"rotation":{"x":0.03535974398255348,"y":0.9631592631340027,"z":-0.214677631855011,"w":0.15856586396694184},"size":0.9393766522407532,"orthographic":false}