{"cameraMode":{"drawMode":0,"name":"Shaded","section":"Shading Mode"},"sceneLighting":false,"audioPlay":false,"sceneViewState":{"m_AlwaysRefresh":false,"showFog":true,"showSkybox":false,"showFlares":true,"showImageEffects":true,"showParticleSystems":true,"showVisualEffectGraphs":true,"m_FxEnabled":true},"in2DMode":false,"pivot":{"x":-0.26280003786087038,"y":0.7986066341400147,"z":0.2077946811914444},"rotation":{"x":0.03535974398255348,"y":0.9631592631340027,"z":-0.214677631855011,"w":0.15856586396694184},"size":0.8730431199073792,"orthographic":false}