{"cameraMode":{"drawMode":0,"name":"Shaded","section":"Shading Mode"},"sceneLighting":false,"audioPlay":false,"sceneViewState":{"m_AlwaysRefresh":false,"showFog":true,"showSkybox":false,"showFlares":true,"showImageEffects":true,"showParticleSystems":true,"showVisualEffectGraphs":true,"m_FxEnabled":true},"in2DMode":false,"pivot":{"x":-0.1626409888267517,"y":-0.02001279592514038,"z":-1.7816905975341797},"rotation":{"x":0.00836316216737032,"y":0.9911732077598572,"z":-0.10927542299032211,"w":0.07564228028059006},"size":2.139376640319824,"orthographic":false}